{
  "initial:before": {
    "loopback#favicon": {
      "params": "$!../public/favicon.ico"
    },
    "loopback#static": {
      "params": [
        "$!../public",
        {
          "maxAge": "86400000"
        }
      ]
    }
  },
  "initial": {
    "compression": {},
    "morgan": {
      "params": ":status :method :response-time ms - :url"
    }
  },
  "session": {
    "./middlewares/sessions.js": {}
  },
  "auth:before": {
    "./middlewares/add-return-to": {}
  },
  "auth": {
  },
  "parse": {
    "body-parser#json": {},
    "body-parser#urlencoded": {
      "params": { "extended": true }
    },
    "method-override": {},
    "./middlewares/cookie-parser": {}
  },
  "parse:after": {
    "./middlewares/validator": {}
  },
  "routes:before": {
    "express-flash": {},
    "helmet#xssFilter": {},
    "helmet#noSniff": {},
    "helmet#frameguard": {},
    "./middlewares/csurf": {},
    "./middlewares/constant-headers": {},
    "./middlewares/csp": {},
    "./middlewares/express-rx": {},
    "./middlewares/jade-helpers": {},
    "./middlewares/global-locals": {},
    "./middlewares/revision-helpers": {},
    "./middlewares/migrate-completed-challenges": {}
  },
  "routes": {
  },
  "files": {
  },
  "final": {
  },
  "final:after": {
    "./middlewares/keymetrics": {},
    "./middlewares/error-handlers": {}
  }
}
